ID,Name,Total,HP,Attack,Defense,Sp. Atk,Sp. Def,Speed,Generation,height_cm,weight_kg,Rarity
1,Bulbasaur,318,45,49,49,65,65,45,1,70,6.9,None
2,Ivysaur,405,60,62,63,80,80,60,1,100,13,None
3,Venusaur,525,80,82,83,100,100,80,1,200,100,None
4,Charmander,309,39,52,43,60,50,65,1,60,8.5,None
5,Charmeleon,405,58,64,58,80,65,80,1,110,19,None
6,Charizard,534,78,84,78,109,85,100,1,170,90.5,None
7,Squirtle,314,44,48,65,50,64,43,1,50,9,None
8,Wartortle,405,59,63,80,65,80,58,1,100,22.5,None
9,Blastoise,530,79,83,100,85,105,78,1,160,85.5,None
10,Caterpie,195,45,30,35,20,20,45,1,30,2.9,None
11,Metapod,205,50,20,55,25,25,30,1,70,9.9,None
12,Butterfree,395,60,45,50,90,80,70,1,110,32,None
13,Weedle,195,40,35,30,20,20,50,1,30,3.2,None
14,Kakuna,205,45,25,50,25,25,35,1,60,10,None
15,Beedrill,395,65,90,40,45,80,75,1,100,29.5,None
16,Pidgey,251,40,45,40,35,35,56,1,30,1.8,None
17,Pidgeotto,349,63,60,55,50,50,71,1,110,30,None
18,Pidgeot,479,83,80,75,70,70,101,1,150,39.5,None
19,Rattata,253,30,56,35,25,35,72,1,30,3.5,None
20,Raticate,413,55,81,60,50,70,97,1,70,18.5,None
21,Spearow,262,40,60,30,31,31,70,1,30,2,None
22,Fearow,442,65,90,65,61,61,100,1,120,38,None
23,Ekans,288,35,60,44,40,54,55,1,200,6.9,None
24,Arbok,448,60,95,69,65,79,80,1,350,65,None
25,Pikachu,320,35,55,40,50,50,90,1,40,6,None
26,Raichu,485,60,90,55,90,80,110,1,80,30,None
27,Sandshrew,300,50,75,85,20,30,40,1,60,12,None
28,Sandslash,450,75,100,110,45,55,65,1,100,29.5,None
29,Nidoran,275,55,47,52,40,40,41,1,40,7,None
30,Nidorina,365,70,62,67,55,55,56,1,80,20,None
31,Nidoqueen,505,90,92,87,75,85,76,1,130,60,None
32,Nidoran,273,46,57,40,40,40,50,1,50,9,None
33,Nidorino,365,61,72,57,55,55,65,1,90,19.5,None
34,Nidoking,505,81,102,77,85,75,85,1,140,62,None
35,Clefairy,323,70,45,48,60,65,35,1,60,7.5,None
36,Clefable,483,95,70,73,95,90,60,1,130,40,None
37,Vulpix,299,38,41,40,50,65,65,1,60,9.9,None
38,Ninetales,505,73,76,75,81,100,100,1,110,19.9,None
39,Jigglypuff,270,115,45,20,45,25,20,1,50,5.5,None
40,Wigglytuff,435,140,70,45,85,50,45,1,100,12,None
41,Zubat,245,40,45,35,30,40,55,1,80,7.5,None
42,Golbat,455,75,80,70,65,75,90,1,160,55,None
43,Oddish,320,45,50,55,75,65,30,1,50,5.4,None
44,Gloom,395,60,65,70,85,75,40,1,80,8.6,None
45,Vileplume,490,75,80,85,110,90,50,1,120,18.6,None
46,Paras,285,35,70,55,45,55,25,1,30,5.4,None
47,Parasect,405,60,95,80,60,80,30,1,100,29.5,None
48,Venonat,305,60,55,50,40,55,45,1,100,30,None
49,Venomoth,450,70,65,60,90,75,90,1,150,12.5,None
50,Diglett,265,10,55,25,35,45,95,1,20,0.8,None
51,Dugtrio,425,35,100,50,50,70,120,1,70,33.3,None
52,Meowth,290,40,45,35,40,40,90,1,40,4.2,None
53,Persian,440,65,70,60,65,65,115,1,100,32,None
54,Psyduck,320,50,52,48,65,50,55,1,80,19.6,None
55,Golduck,500,80,82,78,95,80,85,1,170,76.6,None
56,Mankey,305,40,80,35,35,45,70,1,50,28,None
57,Primeape,455,65,105,60,60,70,95,1,100,32,None
58,Growlithe,350,55,70,45,70,50,60,1,70,19,None
59,Arcanine,555,90,110,80,100,80,95,1,190,155,None
60,Poliwag,300,40,50,40,40,40,90,1,60,12.4,None
61,Poliwhirl,385,65,65,65,50,50,90,1,100,20,None
62,Poliwrath,510,90,95,95,70,90,70,1,130,54,None
63,Abra,310,25,20,15,105,55,90,1,90,19.5,None
64,Kadabra,400,40,35,30,120,70,105,1,130,56.5,None
65,Alakazam,500,55,50,45,135,95,120,1,150,48,None
66,Machop,305,70,80,50,35,35,35,1,80,19.5,None
67,Machoke,405,80,100,70,50,60,45,1,150,70.5,None
68,Machamp,505,90,130,80,65,85,55,1,160,130,None
69,Bellsprout,300,50,75,35,70,30,40,1,70,4,None
70,Weepinbell,390,65,90,50,85,45,55,1,100,6.4,None
71,Victreebel,490,80,105,65,100,70,70,1,170,15.5,None
72,Tentacool,335,40,40,35,50,100,70,1,90,45.5,None
73,Tentacruel,515,80,70,65,80,120,100,1,160,55,None
74,Geodude,300,40,80,100,30,30,20,1,40,20,None
75,Graveler,390,55,95,115,45,45,35,1,100,105,None
76,Golem,495,80,120,130,55,65,45,1,140,300,None
77,Ponyta,410,50,85,55,65,65,90,1,100,30,None
78,Rapidash,500,65,100,70,80,80,105,1,170,95,None
79,Slowpoke,315,90,65,65,40,40,15,1,120,36,None
80,Slowbro,490,95,75,110,100,80,30,1,160,78.5,None
81,Magnemite,325,25,35,70,95,55,45,1,30,6,None
82,Magneton,465,50,60,95,120,70,70,1,100,60,None
83,Farfetch'd,377,52,90,55,58,62,60,1,80,15,None
84,Doduo,310,35,85,45,35,35,75,1,140,39.2,None
85,Dodrio,470,60,110,70,60,60,110,1,180,85.2,None
86,Seel,325,65,45,55,45,70,45,1,110,90,None
87,Dewgong,475,90,70,80,70,95,70,1,170,120,None
88,Grimer,325,80,80,50,40,50,25,1,90,30,None
89,Muk,500,105,105,75,65,100,50,1,120,30,None
90,Shellder,305,30,65,100,45,25,40,1,30,4,None
91,Cloyster,525,50,95,180,85,45,70,1,150,132.5,None
92,Gastly,310,30,35,30,100,35,80,1,130,0.1,None
93,Haunter,405,45,50,45,115,55,95,1,160,0.1,None
94,Gengar,500,60,65,60,130,75,110,1,150,40.5,None
95,Onix,385,35,45,160,30,45,70,1,880,210,None
96,Drowzee,328,60,48,45,43,90,42,1,100,32.4,None
97,Hypno,483,85,73,70,73,115,67,1,160,75.6,None
98,Krabby,325,30,105,90,25,25,50,1,40,6.5,None
99,Kingler,475,55,130,115,50,50,75,1,130,60,None
100,Voltorb,330,40,30,50,55,55,100,1,50,10.4,None
101,Electrode,490,60,50,70,80,80,150,1,120,66.6,None
102,Exeggcute,325,60,40,80,60,45,40,1,40,2.5,None
103,Exeggutor,530,95,95,85,125,75,55,1,200,120,None
104,Cubone,320,50,50,95,40,50,35,1,40,6.5,None
105,Marowak,425,60,80,110,50,80,45,1,100,45,None
106,Hitmonlee,455,50,120,53,35,110,87,1,150,49.8,None
107,Hitmonchan,455,50,105,79,35,110,76,1,140,50.2,None
108,Lickitung,385,90,55,75,60,75,30,1,120,65.5,None
109,Koffing,340,40,65,95,60,45,35,1,60,1,None
110,Weezing,490,65,90,120,85,70,60,1,120,9.5,None
111,Rhyhorn,345,80,85,95,30,30,25,1,100,115,None
112,Rhydon,485,105,130,120,45,45,40,1,190,120,None
113,Chansey,450,250,5,5,35,105,50,1,110,34.6,None
114,Tangela,435,65,55,115,100,40,60,1,100,35,None
115,Kangaskhan,490,105,95,80,40,80,90,1,220,80,None
116,Horsea,295,30,40,70,70,25,60,1,40,8,None
117,Seadra,440,55,65,95,95,45,85,1,120,25,None
118,Goldeen,320,45,67,60,35,50,63,1,60,15,None
119,Seaking,450,80,92,65,65,80,68,1,130,39,None
120,Staryu,340,30,45,55,70,55,85,1,80,34.5,None
121,Starmie,520,60,75,85,100,85,115,1,110,80,None
122,Mr. Mime,460,40,45,65,100,120,90,1,130,54.5,None
123,Scyther,500,70,110,80,55,80,105,1,150,56,None
124,Jynx,455,65,50,35,115,95,95,1,140,40.6,None
125,Electabuzz,490,65,83,57,95,85,105,1,110,30,None
126,Magmar,495,65,95,57,100,85,93,1,130,44.5,None
127,Pinsir,500,65,125,100,55,70,85,1,150,55,None
128,Tauros,490,75,100,95,40,70,110,1,140,88.4,None
129,Magikarp,200,20,10,55,15,20,80,1,90,10,None
130,Gyarados,540,95,125,79,60,100,81,1,650,235,None
131,Lapras,535,130,85,80,85,95,60,1,250,220,None
132,Ditto,288,48,48,48,48,48,48,1,30,4,None
133,Eevee,325,55,55,50,45,65,55,1,30,6.5,None
134,Vaporeon,525,130,65,60,110,95,65,1,100,29,None
135,Jolteon,525,65,65,60,110,95,130,1,80,24.5,None
136,Flareon,525,65,130,60,95,110,65,1,90,25,None
137,Porygon,395,65,60,70,85,75,40,1,80,36.5,None
138,Omanyte,355,35,40,100,90,55,35,1,40,7.5,None
139,Omastar,495,70,60,125,115,70,55,1,100,35,None
140,Kabuto,355,30,80,90,55,45,55,1,50,11.5,None
141,Kabutops,495,60,115,105,65,70,80,1,130,40.5,None
142,Aerodactyl,515,80,105,65,60,75,130,1,180,59,None
143,Snorlax,540,160,110,65,65,110,30,1,210,460,None
144,Articuno,580,90,85,100,95,125,85,1,170,55.4,Legendary
145,Zapdos,580,90,90,85,125,90,100,1,160,52.6,Legendary
146,Moltres,580,90,100,90,125,85,90,1,200,60,Legendary
147,Dratini,300,41,64,45,50,50,50,1,180,3.3,None
148,Dragonair,420,61,84,65,70,70,70,1,400,16.5,None
149,Dragonite,600,91,134,95,100,100,80,1,220,210,Pseudo-Legendary
150,Mewtwo,680,106,110,90,154,90,130,1,200,122,Legendary
151,Mew,600,100,100,100,100,100,100,1,40,4,Mythical
152,Chikorita,318,45,49,65,49,65,45,2,90,6.4,None
153,Bayleef,405,60,62,80,63,80,60,2,120,15.8,None
154,Meganium,525,80,82,100,83,100,80,2,180,100.5,None
155,Cyndaquil,309,39,52,43,60,50,65,2,50,7.9,None
156,Quilava,405,58,64,58,80,65,80,2,90,19,None
157,Typhlosion,534,78,84,78,109,85,100,2,170,79.5,None
158,Totodile,314,50,65,64,44,48,43,2,60,9.5,None
159,Croconaw,405,65,80,80,59,63,58,2,110,25,None
160,Feraligatr,530,85,105,100,79,83,78,2,230,88.8,None
161,Sentret,215,35,46,34,35,45,20,2,80,6,None
162,Furret,415,85,76,64,45,55,90,2,180,32.5,None
163,Hoothoot,262,60,30,30,36,56,50,2,70,21.2,None
164,Noctowl,452,100,50,50,86,96,70,2,160,40.8,None
165,Ledyba,265,40,20,30,40,80,55,2,100,10.8,None
166,Ledian,390,55,35,50,55,110,85,2,140,35.6,None
167,Spinarak,250,40,60,40,40,40,30,2,50,8.5,None
168,Ariados,400,70,90,70,60,70,40,2,110,33.5,None
169,Crobat,535,85,90,80,70,80,130,2,180,75,None
170,Chinchou,330,75,38,38,56,56,67,2,50,12,None
171,Lanturn,460,125,58,58,76,76,67,2,120,22.5,None
172,Pichu,205,20,40,15,35,35,60,2,30,2,None
173,Cleffa,218,50,25,28,45,55,15,2,30,3,None
174,Igglybuff,210,90,30,15,40,20,15,2,30,1,None
175,Togepi,245,35,20,65,40,65,20,2,30,1.5,None
176,Togetic,405,55,40,85,80,105,40,2,60,3.2,None
177,Natu,320,40,50,45,70,45,70,2,20,2,None
178,Xatu,470,65,75,70,95,70,95,2,150,15,None
179,Mareep,280,55,40,40,65,45,35,2,60,7.8,None
180,Flaaffy,365,70,55,55,80,60,45,2,80,13.3,None
181,Ampharos,510,90,75,85,115,90,55,2,140,61.5,None
182,Bellossom,490,75,80,95,90,100,50,2,40,5.8,None
183,Marill,250,70,20,50,20,50,40,2,40,8.5,None
184,Azumarill,420,100,50,80,60,80,50,2,80,28.5,None
185,Sudowoodo,410,70,100,115,30,65,30,2,120,38,None
186,Politoed,500,90,75,75,90,100,70,2,110,33.9,None
187,Hoppip,250,35,35,40,35,55,50,2,40,0.5,None
188,Skiploom,340,55,45,50,45,65,80,2,60,1,None
189,Jumpluff,460,75,55,70,55,95,110,2,80,3,None
190,Aipom,360,55,70,55,40,55,85,2,80,11.5,None
191,Sunkern,180,30,30,30,30,30,30,2,30,1.8,None
192,Sunflora,425,75,75,55,105,85,30,2,80,8.5,None
193,Yanma,390,65,65,45,75,45,95,2,120,38,None
194,Wooper,210,55,45,45,25,25,15,2,40,8.5,None
195,Quagsire,430,95,85,85,65,65,35,2,140,75,None
196,Espeon,525,65,65,60,130,95,110,2,90,26.5,None
197,Umbreon,525,95,65,110,60,130,65,2,100,27,None
198,Murkrow,405,60,85,42,85,42,91,2,50,2.1,None
199,Slowking,490,95,75,80,100,110,30,2,200,79.5,None
200,Misdreavus,435,60,60,60,85,85,85,2,70,1,None
201,Unown,336,48,72,48,72,48,48,2,50,5,None
202,Wobbuffet,405,190,33,58,33,58,33,2,130,28.5,None
203,Girafarig,455,70,80,65,90,65,85,2,150,41.5,None
204,Pineco,290,50,65,90,35,35,15,2,60,7.2,None
205,Forretress,465,75,90,140,60,60,40,2,120,125.8,None
206,Dunsparce,415,100,70,70,65,65,45,2,150,14,None
207,Gligar,430,65,75,105,35,65,85,2,110,64.8,None
208,Steelix,510,75,85,200,55,65,30,2,920,400,None
209,Snubbull,300,60,80,50,40,40,30,2,60,7.8,None
210,Granbull,450,90,120,75,60,60,45,2,140,48.7,None
211,Qwilfish,440,65,95,85,55,55,85,2,50,3.9,None
212,Scizor,500,70,130,100,55,80,65,2,180,118,None
213,Shuckle,505,20,10,230,10,230,5,2,60,20.5,None
214,Heracross,500,80,125,75,40,95,85,2,150,54,None
215,Sneasel,430,55,95,55,35,75,115,2,90,28,None
216,Teddiursa,330,60,80,50,50,50,40,2,60,8.8,None
217,Ursaring,500,90,130,75,75,75,55,2,180,125.8,None
218,Slugma,250,40,40,40,70,40,20,2,70,35,None
219,Magcargo,430,60,50,120,90,80,30,2,80,55,None
220,Swinub,250,50,50,40,30,30,50,2,40,6.5,None
221,Piloswine,450,100,100,80,60,60,50,2,110,55.8,None
222,Corsola,410,65,55,95,65,95,35,2,60,5,None
223,Remoraid,300,35,65,35,65,35,65,2,60,12,None
224,Octillery,480,75,105,75,105,75,45,2,90,28.5,None
225,Delibird,330,45,55,45,65,45,75,2,90,16,None
226,Mantine,485,85,40,70,80,140,70,2,210,220,None
227,Skarmory,465,65,80,140,40,70,70,2,170,50.5,None
228,Houndour,330,45,60,30,80,50,65,2,60,10.8,None
229,Houndoom,500,75,90,50,110,80,95,2,140,35,None
230,Kingdra,540,75,95,95,95,95,85,2,180,152,None
231,Phanpy,330,90,60,60,40,40,40,2,50,33.5,None
232,Donphan,500,90,120,120,60,60,50,2,110,120,None
233,Porygon2,515,85,80,90,105,95,60,2,60,32.5,None
234,Stantler,465,73,95,62,85,65,85,2,140,71.2,None
235,Smeargle,250,55,20,35,20,45,75,2,120,58,None
236,Tyrogue,210,35,35,35,35,35,35,2,70,21,None
237,Hitmontop,455,50,95,95,35,110,70,2,140,48,None
238,Smoochum,305,45,30,15,85,65,65,2,40,6,None
239,Elekid,360,45,63,37,65,55,95,2,60,23.5,None
240,Magby,365,45,75,37,70,55,83,2,70,21.4,None
241,Miltank,490,95,80,105,40,70,100,2,120,75.5,None
242,Blissey,540,255,10,10,75,135,55,2,150,46.8,None
243,Raikou,580,90,85,75,115,100,115,2,190,178,Legendary
244,Entei,580,115,115,85,90,75,100,2,210,198,Legendary
245,Suicune,580,100,75,115,90,115,85,2,200,187,Legendary
246,Larvitar,300,50,64,50,45,50,41,2,60,72,None
247,Pupitar,410,70,84,70,65,70,51,2,120,152,None
248,Tyranitar,600,100,134,110,95,100,61,2,200,202,Pseudo-Legendary
249,Lugia,680,106,90,130,90,154,110,2,520,216,Legendary
250,Ho-oh,680,106,130,90,110,154,90,2,380,199,Legendary
251,Celebi,600,100,100,100,100,100,100,2,60,5,Mythical
252,Treecko,310,40,45,35,65,55,70,3,50,5,None
253,Grovyle,405,50,65,45,85,65,95,3,90,21.6,None
254,Sceptile,530,70,85,65,105,85,120,3,170,52.2,None
255,Torchic,310,45,60,40,70,50,45,3,40,2.5,None
256,Combusken,405,60,85,60,85,60,55,3,90,19.5,None
257,Blaziken,530,80,120,70,110,70,80,3,190,52,None
258,Mudkip,310,50,70,50,50,50,40,3,40,7.6,None
259,Marshtomp,405,70,85,70,60,70,50,3,70,28,None
260,Swampert,535,100,110,90,85,90,60,3,150,81.9,None
261,Poochyena,220,35,55,35,30,30,35,3,50,13.6,None
262,Mightyena,420,70,90,70,60,60,70,3,100,37,None
263,Zigzagoon,240,38,30,41,30,41,60,3,40,17.5,None
264,Linoone,420,78,70,61,50,61,100,3,50,32.5,None
265,Wurmple,195,45,45,35,20,30,20,3,30,3.6,None
266,Silcoon,205,50,35,55,25,25,15,3,60,10,None
267,Beautifly,395,60,70,50,100,50,65,3,100,28.4,None
268,Cascoon,205,50,35,55,25,25,15,3,70,11.5,None
269,Dustox,385,60,50,70,50,90,65,3,120,31.6,None
270,Lotad,220,40,30,30,40,50,30,3,50,2.6,None
271,Lombre,340,60,50,50,60,70,50,3,120,32.5,None
272,Ludicolo,480,80,70,70,90,100,70,3,150,55,None
273,Seedot,220,40,40,50,30,30,30,3,50,4,None
274,Nuzleaf,340,70,70,40,60,40,60,3,100,28,None
275,Shiftry,480,90,100,60,90,60,80,3,130,59.6,None
276,Taillow,270,40,55,30,30,30,85,3,30,2.3,None
277,Swellow,455,60,85,60,75,50,125,3,70,19.8,None
278,Wingull,270,40,30,30,55,30,85,3,60,9.5,None
279,Pelipper,440,60,50,100,95,70,65,3,120,28,None
280,Ralts,198,28,25,25,45,35,40,3,40,6.6,None
281,Kirlia,278,38,35,35,65,55,50,3,80,20.2,None
282,Gardevoir,518,68,65,65,125,115,80,3,160,48.4,None
283,Surskit,269,40,30,32,50,52,65,3,50,1.7,None
284,Masquerain,454,70,60,62,100,82,80,3,80,3.6,None
285,Shroomish,295,60,40,60,40,60,35,3,40,4.5,None
286,Breloom,460,60,130,80,60,60,70,3,120,39.2,None
287,Slakoth,280,60,60,60,35,35,30,3,80,24,None
288,Vigoroth,440,80,80,80,55,55,90,3,140,46.5,None
289,Slaking,670,150,160,100,95,65,100,3,200,130.5,None
290,Nincada,266,31,45,90,30,30,40,3,50,5.5,None
291,Ninjask,456,61,90,45,50,50,160,3,80,12,None
292,Shedinja,236,1,90,45,30,30,40,3,80,1.2,None
293,Whismur,240,64,51,23,51,23,28,3,60,16.3,None
294,Loudred,360,84,71,43,71,43,48,3,100,40.5,None
295,Exploud,490,104,91,63,91,73,68,3,150,84,None
296,Makuhita,237,72,60,30,20,30,25,3,100,86.4,None
297,Hariyama,474,144,120,60,40,60,50,3,230,253.8,None
298,Azurill,190,50,20,40,20,40,20,3,20,2,None
299,Nosepass,375,30,45,135,45,90,30,3,100,97,None
300,Skitty,260,50,45,45,35,35,50,3,60,11,None
301,Delcatty,400,70,65,65,55,55,90,3,110,32.6,None
302,Sableye,380,50,75,75,65,65,50,3,50,11,None
303,Mawile,380,50,85,85,55,55,50,3,60,11.5,None
304,Aron,330,50,70,100,40,40,30,3,40,60,None
305,Lairon,430,60,90,140,50,50,40,3,90,120,None
306,Aggron,530,70,110,180,60,60,50,3,210,360,None
307,Meditite,280,30,40,55,40,55,60,3,60,11.2,None
308,Medicham,410,60,60,75,60,75,80,3,130,31.5,None
309,Electrike,295,40,45,40,65,40,65,3,60,15.2,None
310,Manectric,475,70,75,60,105,60,105,3,150,40.2,None
311,Plusle,405,60,50,40,85,75,95,3,40,4.2,None
312,Minun,405,60,40,50,75,85,95,3,40,4.2,None
313,Volbeat,430,65,73,75,47,85,85,3,70,17.7,None
314,Illumise,430,65,47,75,73,85,85,3,60,17.7,None
315,Roselia,400,50,60,45,100,80,65,3,30,2,None
316,Gulpin,302,70,43,53,43,53,40,3,40,10.3,None
317,Swalot,467,100,73,83,73,83,55,3,170,80,None
318,Carvanha,305,45,90,20,65,20,65,3,80,20.8,None
319,Sharpedo,460,70,120,40,95,40,95,3,180,88.8,None
320,Wailmer,400,130,70,35,70,35,60,3,200,130,None
321,Wailord,500,170,90,45,90,45,60,3,1450,398,None
322,Numel,305,60,60,40,65,45,35,3,70,24,None
323,Camerupt,460,70,100,70,105,75,40,3,190,220,None
324,Torkoal,470,70,85,140,85,70,20,3,50,80.4,None
325,Spoink,330,60,25,35,70,80,60,3,70,30.6,None
326,Grumpig,470,80,45,65,90,110,80,3,90,71.5,None
327,Spinda,360,60,60,60,60,60,60,3,110,5,None
328,Trapinch,290,45,100,45,45,45,10,3,70,15,None
329,Vibrava,340,50,70,50,50,50,70,3,110,15.3,None
330,Flygon,520,80,100,80,80,80,100,3,200,82,None
331,Cacnea,335,50,85,40,85,40,35,3,40,51.3,None
332,Cacturne,475,70,115,60,115,60,55,3,130,77.4,None
333,Swablu,310,45,40,60,40,75,50,3,40,1.2,None
334,Altaria,490,75,70,90,70,105,80,3,110,20.6,None
335,Zangoose,458,73,115,60,60,60,90,3,130,40.3,None
336,Seviper,458,73,100,60,100,60,65,3,270,52.5,None
337,Lunatone,460,90,55,65,95,85,70,3,100,168,None
338,Solrock,460,90,95,85,55,65,70,3,120,154,None
339,Barboach,288,50,48,43,46,41,60,3,40,1.9,None
340,Whiscash,468,110,78,73,76,71,60,3,90,23.6,None
341,Corphish,308,43,80,65,50,35,35,3,60,11.5,None
342,Crawdaunt,468,63,120,85,90,55,55,3,110,32.8,None
343,Baltoy,300,40,40,55,40,70,55,3,50,21.5,None
344,Claydol,500,60,70,105,70,120,75,3,150,108,None
345,Lileep,355,66,41,77,61,87,23,3,100,23.8,None
346,Cradily,495,86,81,97,81,107,43,3,150,60.4,None
347,Anorith,355,45,95,50,40,50,75,3,70,12.5,None
348,Armaldo,495,75,125,100,70,80,45,3,150,68.2,None
349,Feebas,200,20,15,20,10,55,80,3,60,7.4,None
350,Milotic,540,95,60,79,100,125,81,3,620,162,None
351,Castform,420,70,70,70,70,70,70,3,30,0.8,None
352,Kecleon,440,60,90,70,60,120,40,3,100,22,None
353,Shuppet,295,44,75,35,63,33,45,3,60,2.3,None
354,Banette,455,64,115,65,83,63,65,3,110,12.5,None
355,Duskull,295,20,40,90,30,90,25,3,80,15,None
356,Dusclops,455,40,70,130,60,130,25,3,160,30.6,None
357,Tropius,460,99,68,83,72,87,51,3,200,100,None
358,Chimecho,455,75,50,80,95,90,65,3,60,1,None
359,Absol,465,65,130,60,75,60,75,3,120,47,None
360,Wynaut,260,95,23,48,23,48,23,3,60,14,None
361,Snorunt,300,50,50,50,50,50,50,3,70,16.8,None
362,Glalie,480,80,80,80,80,80,80,3,150,256.5,None
363,Spheal,290,70,40,50,55,50,25,3,80,39.5,None
364,Sealeo,410,90,60,70,75,70,45,3,110,87.6,None
365,Walrein,530,110,80,90,95,90,65,3,140,150.6,None
366,Clamperl,345,35,64,85,74,55,32,3,40,52.5,None
367,Huntail,485,55,104,105,94,75,52,3,170,27,None
368,Gorebyss,485,55,84,105,114,75,52,3,180,22.6,None
369,Relicanth,485,100,90,130,45,65,55,3,100,23.4,None
370,Luvdisc,330,43,30,55,40,65,97,3,60,8.7,None
371,Bagon,300,45,75,60,40,30,50,3,60,42.1,None
372,Shelgon,420,65,95,100,60,50,50,3,110,110.5,None
373,Salamence,600,95,135,80,110,80,100,3,150,102.6,Pseudo-Legendary
374,Beldum,300,40,55,80,35,60,30,3,60,95.2,None
375,Metang,420,60,75,100,55,80,50,3,120,202.5,None
376,Metagross,600,80,135,130,95,90,70,3,160,550,Pseudo-Legendary
377,Regirock,580,80,100,200,50,100,50,3,170,230,Legendary
378,Regice,580,80,50,100,100,200,50,3,180,175,Legendary
379,Registeel,580,80,75,150,75,150,50,3,190,205,Legendary
380,Latias,600,80,80,90,110,130,110,3,140,40,Legendary
381,Latios,600,80,90,80,130,110,110,3,200,60,Legendary
382,Kyogre,670,100,100,90,150,140,90,3,450,352,Legendary
383,Groudon,670,100,150,140,100,90,90,3,350,950,Legendary
384,Rayquaza,680,105,150,90,150,90,95,3,700,206.5,Legendary
385,Jirachi,600,100,100,100,100,100,100,3,30,1.1,Mythical
386,Deoxys,600,50,150,50,150,50,150,3,170,60.8,Mythical
387,Turtwig,318,55,68,64,45,55,31,4,40,10.2,None
388,Grotle,405,75,89,85,55,65,36,4,110,97,None
389,Torterra,525,95,109,105,75,85,56,4,220,310,None
390,Chimchar,309,44,58,44,58,44,61,4,50,6.2,None
391,Monferno,405,64,78,52,78,52,81,4,90,22,None
392,Infernape,534,76,104,71,104,71,108,4,120,55,None
393,Piplup,314,53,51,53,61,56,40,4,40,5.2,None
394,Prinplup,405,64,66,68,81,76,50,4,80,23,None
395,Empoleon,530,84,86,88,111,101,60,4,170,84.5,None
396,Starly,245,40,55,30,30,30,60,4,30,2,None
397,Staravia,340,55,75,50,40,40,80,4,60,15.5,None
398,Staraptor,485,85,120,70,50,60,100,4,120,24.9,None
399,Bidoof,250,59,45,40,35,40,31,4,50,20,None
400,Bibarel,410,79,85,60,55,60,71,4,100,31.5,None
401,Kricketot,194,37,25,41,25,41,25,4,30,2.2,None
402,Kricketune,384,77,85,51,55,51,65,4,100,25.5,None
403,Shinx,263,45,65,34,40,34,45,4,50,9.5,None
404,Luxio,363,60,85,49,60,49,60,4,90,30.5,None
405,Luxray,523,80,120,79,95,79,70,4,140,42,None
406,Budew,280,40,30,35,50,70,55,4,20,1.2,None
407,Roserade,515,60,70,65,125,105,90,4,90,14.5,None
408,Cranidos,350,67,125,40,30,30,58,4,90,31.5,None
409,Rampardos,495,97,165,60,65,50,58,4,160,102.5,None
410,Shieldon,350,30,42,118,42,88,30,4,50,57,None
411,Bastiodon,495,60,52,168,47,138,30,4,130,149.5,None
412,Burmy,224,40,29,45,29,45,36,4,20,3.4,None
413,Wormadam,424,60,59,85,79,105,36,4,50,6.5,None
414,Mothim,424,70,94,50,94,50,66,4,90,23.3,None
415,Combee,244,30,30,42,30,42,70,4,30,5.5,None
416,Vespiquen,474,70,80,102,80,102,40,4,120,38.5,None
417,Pachirisu,405,60,45,70,45,90,95,4,40,3.9,None
418,Buizel,330,55,65,35,60,30,85,4,70,29.5,None
419,Floatzel,495,85,105,55,85,50,115,4,110,33.5,None
420,Cherubi,275,45,35,45,62,53,35,4,40,3.3,None
421,Cherrim,450,70,60,70,87,78,85,4,50,9.3,None
422,Shellos,325,76,48,48,57,62,34,4,30,6.3,None
423,Gastrodon,475,111,83,68,92,82,39,4,90,29.9,None
424,Ambipom,482,75,100,66,60,66,115,4,120,20.3,None
425,Drifloon,348,90,50,34,60,44,70,4,40,1.2,None
426,Drifblim,498,150,80,44,90,54,80,4,120,15,None
427,Buneary,350,55,66,44,44,56,85,4,40,5.5,None
428,Lopunny,480,65,76,84,54,96,105,4,120,33.3,None
429,Mismagius,495,60,60,60,105,105,105,4,90,4.4,None
430,Honchkrow,505,100,125,52,105,52,71,4,90,27.3,None
431,Glameow,310,49,55,42,42,37,85,4,50,3.9,None
432,Purugly,452,71,82,64,64,59,112,4,100,43.8,None
433,Chingling,285,45,30,50,65,50,45,4,20,0.6,None
434,Stunky,329,63,63,47,41,41,74,4,40,19.2,None
435,Skuntank,479,103,93,67,71,61,84,4,100,38,None
436,Bronzor,300,57,24,86,24,86,23,4,50,60.5,None
437,Bronzong,500,67,89,116,79,116,33,4,130,187,None
438,Bonsly,290,50,80,95,10,45,10,4,50,15,None
439,Mime Jr.,310,20,25,45,70,90,60,4,60,13,None
440,Happiny,220,100,5,5,15,65,30,4,60,24.4,None
441,Chatot,411,76,65,45,92,42,91,4,50,1.9,None
442,Spiritomb,485,50,92,108,92,108,35,4,100,108,None
443,Gible,300,58,70,45,40,45,42,4,70,20.5,None
444,Gabite,410,68,90,65,50,55,82,4,140,56,None
445,Garchomp,600,108,130,95,80,85,102,4,190,95,Pseudo-Legendary
446,Munchlax,390,135,85,40,40,85,5,4,60,105,None
447,Riolu,285,40,70,40,35,40,60,4,70,20.2,None
448,Lucario,525,70,110,70,115,70,90,4,120,54,None
449,Hippopotas,330,68,72,78,38,42,32,4,80,49.5,None
450,Hippowdon,525,108,112,118,68,72,47,4,200,300,None
451,Skorupi,330,40,50,90,30,55,65,4,80,12,None
452,Drapion,500,70,90,110,60,75,95,4,130,61.5,None
453,Croagunk,300,48,61,40,61,40,50,4,70,23,None
454,Toxicroak,490,83,106,65,86,65,85,4,130,44.4,None
455,Carnivine,454,74,100,72,90,72,46,4,140,27,None
456,Finneon,330,49,49,56,49,61,66,4,40,7,None
457,Lumineon,460,69,69,76,69,86,91,4,120,24,None
458,Mantyke,345,45,20,50,60,120,50,4,100,65,None
459,Snover,334,60,62,50,62,60,40,4,100,50.5,None
460,Abomasnow,494,90,92,75,92,85,60,4,220,135.5,None
461,Weavile,510,70,120,65,45,85,125,4,110,34,None
462,Magnezone,535,70,70,115,130,90,60,4,120,180,None
463,Lickilicky,515,110,85,95,80,95,50,4,170,140,None
464,Rhyperior,535,115,140,130,55,55,40,4,240,282.8,None
465,Tangrowth,535,100,100,125,110,50,50,4,200,128.6,None
466,Electivire,540,75,123,67,95,85,95,4,180,138.6,None
467,Magmortar,540,75,95,67,125,95,83,4,160,68,None
468,Togekiss,545,85,50,95,120,115,80,4,150,38,None
469,Yanmega,515,86,76,86,116,56,95,4,190,51.5,None
470,Leafeon,525,65,110,130,60,65,95,4,100,25.5,None
471,Glaceon,525,65,60,110,130,95,65,4,80,25.9,None
472,Gliscor,510,75,95,125,45,75,95,4,200,42.5,None
473,Mamoswine,530,110,130,80,70,60,80,4,250,291,None
474,Porygon-Z,535,85,80,70,135,75,90,4,90,34,None
475,Gallade,518,68,125,65,65,115,80,4,160,52,None
476,Probopass,525,60,55,145,75,150,40,4,140,340,None
477,Dusknoir,525,45,100,135,65,135,45,4,220,106.6,None
478,Froslass,480,70,80,70,80,70,110,4,130,26.6,None
479,Rotom,440,50,50,77,95,77,91,4,30,0.3,None
480,Uxie,580,75,75,130,75,130,95,4,30,0.3,Legendary
481,Mesprit,580,80,105,105,105,105,80,4,30,0.3,Legendary
482,Azelf,580,75,125,70,125,70,115,4,30,0.3,Legendary
483,Dialga,680,100,120,120,150,100,90,4,540,683,Legendary
484,Palkia,680,90,120,100,150,120,100,4,420,336,Legendary
485,Heatran,600,91,90,106,130,106,77,4,170,430,Legendary
486,Regigigas,670,110,160,110,80,110,100,4,370,420,Legendary
487,Giratina,680,150,100,120,100,120,90,4,450,750,Legendary
488,Cresselia,580,120,70,110,75,120,85,4,150,85.6,Legendary
489,Phione,480,80,80,80,80,80,80,4,40,3.1,Mythical
490,Manaphy,600,100,100,100,100,100,100,4,30,1.4,Mythical
491,Darkrai,600,70,90,90,135,90,125,4,150,50.5,Mythical
492,Shaymin,600,100,100,100,100,100,100,4,20,2.1,Mythical
493,Arceus,720,120,120,120,120,120,120,4,320,320,Mythical
494,Victini,600,100,100,100,100,100,100,5,40,4,Mythical
495,Snivy,308,45,45,55,45,55,63,5,60,8.1,None
496,Servine,413,60,60,75,60,75,83,5,80,16,None
497,Serperior,528,75,75,95,75,95,113,5,330,63,None
498,Tepig,308,65,63,45,45,45,45,5,50,9.9,None
499,Pignite,418,90,93,55,70,55,55,5,100,55.5,None
500,Emboar,528,110,123,65,100,65,65,5,160,150,None
501,Oshawott,308,55,55,45,63,45,45,5,50,5.9,None
502,Dewott,413,75,75,60,83,60,60,5,80,24.5,None
503,Samurott,528,95,100,85,108,70,70,5,150,94.6,None
504,Patrat,255,45,55,39,35,39,42,5,50,11.6,None
505,Watchog,420,60,85,69,60,69,77,5,110,27,None
506,Lillipup,275,45,60,45,25,45,55,5,40,4.1,None
507,Herdier,370,65,80,65,35,65,60,5,90,14.7,None
508,Stoutland,500,85,110,90,45,90,80,5,120,61,None
509,Purrloin,281,41,50,37,50,37,66,5,40,10.1,None
510,Liepard,446,64,88,50,88,50,106,5,110,37.5,None
511,Pansage,316,50,53,48,53,48,64,5,60,10.5,None
512,Simisage,498,75,98,63,98,63,101,5,110,30.5,None
513,Pansear,316,50,53,48,53,48,64,5,60,11,None
514,Simisear,498,75,98,63,98,63,101,5,100,28,None
515,Panpour,316,50,53,48,53,48,64,5,60,13.5,None
516,Simipour,498,75,98,63,98,63,101,5,100,29,None
517,Munna,292,76,25,45,67,55,24,5,60,23.3,None
518,Musharna,487,116,55,85,107,95,29,5,110,60.5,None
519,Pidove,264,50,55,50,36,30,43,5,30,2.1,None
520,Tranquill,358,62,77,62,50,42,65,5,60,15,None
521,Unfezant,488,80,115,80,65,55,93,5,120,29,None
522,Blitzle,295,45,60,32,50,32,76,5,80,29.8,None
523,Zebstrika,497,75,100,63,80,63,116,5,160,79.5,None
524,Roggenrola,280,55,75,85,25,25,15,5,40,18,None
525,Boldore,390,70,105,105,50,40,20,5,90,102,None
526,Gigalith,515,85,135,130,60,80,25,5,170,260,None
527,Woobat,323,65,45,43,55,43,72,5,40,2.1,None
528,Swoobat,425,67,57,55,77,55,114,5,90,10.5,None
529,Drilbur,328,60,85,40,30,45,68,5,30,8.5,None
530,Excadrill,508,110,135,60,50,65,88,5,70,40.4,None
531,Audino,445,103,60,86,60,86,50,5,110,31,None
532,Timburr,305,75,80,55,25,35,35,5,60,12.5,None
533,Gurdurr,405,85,105,85,40,50,40,5,120,40,None
534,Conkeldurr,505,105,140,95,55,65,45,5,140,87,None
535,Tympole,294,50,50,40,50,40,64,5,50,4.5,None
536,Palpitoad,384,75,65,55,65,55,69,5,80,17,None
537,Seismitoad,509,105,95,75,85,75,74,5,150,62,None
538,Throh,465,120,100,85,30,85,45,5,130,55.5,None
539,Sawk,465,75,125,75,30,75,85,5,140,51,None
540,Sewaddle,310,45,53,70,40,60,42,5,30,2.5,None
541,Swadloon,380,55,63,90,50,80,42,5,50,7.3,None
542,Leavanny,500,75,103,80,70,80,92,5,120,20.5,None
543,Venipede,260,30,45,59,30,39,57,5,40,5.3,None
544,Whirlipede,360,40,55,99,40,79,47,5,120,58.5,None
545,Scolipede,485,60,100,89,55,69,112,5,250,200.5,None
546,Cottonee,280,40,27,60,37,50,66,5,30,0.6,None
547,Whimsicott,480,60,67,85,77,75,116,5,70,6.6,None
548,Petilil,280,45,35,50,70,50,30,5,50,6.6,None
549,Lilligant,480,70,60,75,110,75,90,5,110,16.3,None
550,Basculin,460,70,92,65,80,55,98,5,100,18,None
551,Sandile,292,50,72,35,35,35,65,5,70,15.2,None
552,Krokorok,351,60,82,45,45,45,74,5,100,33.4,None
553,Krookodile,519,95,117,80,65,70,92,5,150,96.3,None
554,Darumaka,315,70,90,45,15,45,50,5,60,37.5,None
555,Darmanitan,480,105,140,55,30,55,95,5,130,92.9,None
556,Maractus,461,75,86,67,106,67,60,5,100,28,None
557,Dwebble,325,50,65,85,35,35,55,5,30,14.5,None
558,Crustle,485,70,105,125,65,75,45,5,140,200,None
559,Scraggy,348,50,75,70,35,70,48,5,60,11.8,None
560,Scrafty,488,65,90,115,45,115,58,5,110,30,None
561,Sigilyph,490,72,58,80,103,80,97,5,140,14,None
562,Yamask,303,38,30,85,55,65,30,5,50,1.5,None
563,Cofagrigus,483,58,50,145,95,105,30,5,170,76.5,None
564,Tirtouga,355,54,78,103,53,45,22,5,70,16.5,None
565,Carracosta,495,74,108,133,83,65,32,5,120,81,None
566,Archen,401,55,112,45,74,45,70,5,50,9.5,None
567,Archeops,567,75,140,65,112,65,110,5,140,32,None
568,Trubbish,329,50,50,62,40,62,65,5,60,31,None
569,Garbodor,474,80,95,82,60,82,75,5,190,107.3,None
570,Zorua,330,40,65,40,80,40,65,5,70,12.5,None
571,Zoroark,510,60,105,60,120,60,105,5,160,81.1,None
572,Minccino,300,55,50,40,40,40,75,5,40,5.8,None
573,Cinccino,470,75,95,60,65,60,115,5,50,7.5,None
574,Gothita,290,45,30,50,55,65,45,5,40,5.8,None
575,Gothorita,390,60,45,70,75,85,55,5,70,18,None
576,Gothitelle,490,70,55,95,95,110,65,5,150,44,None
577,Solosis,290,45,30,40,105,50,20,5,30,1,None
578,Duosion,370,65,40,50,125,60,30,5,60,8,None
579,Reuniclus,490,110,65,75,125,85,30,5,100,20.1,None
580,Ducklett,305,62,44,50,44,50,55,5,50,5.5,None
581,Swanna,473,75,87,63,87,63,98,5,130,24.2,None
582,Vanillite,305,36,50,50,65,60,44,5,40,5.7,None
583,Vanillish,395,51,65,65,80,75,59,5,110,41,None
584,Vanilluxe,535,71,95,85,110,95,79,5,130,57.5,None
585,Deerling,335,60,60,50,40,50,75,5,60,19.5,None
586,Sawsbuck,475,80,100,70,60,70,95,5,190,92.5,None
587,Emolga,428,55,75,60,75,60,103,5,40,5,None
588,Karrablast,315,50,75,45,40,45,60,5,50,5.9,None
589,Escavalier,495,70,135,105,60,105,20,5,100,33,None
590,Foongus,294,69,55,45,55,55,15,5,20,1,None
591,Amoonguss,464,114,85,70,85,80,30,5,60,10.5,None
592,Frillish,335,55,40,50,65,85,40,5,120,33,None
593,Jellicent,480,100,60,70,85,105,60,5,220,135,None
594,Alomomola,470,165,75,80,40,45,65,5,120,31.6,None
595,Joltik,319,50,47,50,57,50,65,5,10,0.6,None
596,Galvantula,472,70,77,60,97,60,108,5,80,14.3,None
597,Ferroseed,305,44,50,91,24,86,10,5,60,18.8,None
598,Ferrothorn,489,74,94,131,54,116,20,5,100,110,None
599,Klink,300,40,55,70,45,60,30,5,30,21,None
600,Klang,440,60,80,95,70,85,50,5,60,51,None
601,Klinklang,520,60,100,115,70,85,90,5,60,81,None
602,Tynamo,275,35,55,40,45,40,60,5,20,0.3,None
603,Eelektrik,405,65,85,70,75,70,40,5,120,22,None
604,Eelektross,515,85,115,80,105,80,50,5,210,80.5,None
605,Elgyem,335,55,55,55,85,55,30,5,50,9,None
606,Beheeyem,485,75,75,75,125,95,40,5,100,34.5,None
607,Litwick,275,50,30,55,65,55,20,5,30,3.1,None
608,Lampent,370,60,40,60,95,60,55,5,60,13,None
609,Chandelure,520,60,55,90,145,90,80,5,100,34.3,None
610,Axew,320,46,87,60,30,40,57,5,60,18,None
611,Fraxure,410,66,117,70,40,50,67,5,100,36,None
612,Haxorus,540,76,147,90,60,70,97,5,180,105.5,None
613,Cubchoo,305,55,70,40,60,40,40,5,50,8.5,None
614,Beartic,505,95,130,80,70,80,50,5,260,260,None
615,Cryogonal,515,80,50,50,95,135,105,5,110,148,None
616,Shelmet,305,50,40,85,40,65,25,5,40,7.7,None
617,Accelgor,495,80,70,40,100,60,145,5,80,25.3,None
618,Stunfisk,471,109,66,84,81,99,32,5,70,11,None
619,Mienfoo,350,45,85,50,55,50,65,5,90,20,None
620,Mienshao,510,65,125,60,95,60,105,5,140,35.5,None
621,Druddigon,485,77,120,90,60,90,48,5,160,139,None
622,Golett,303,59,74,50,35,50,35,5,100,92,None
623,Golurk,483,89,124,80,55,80,55,5,280,330,None
624,Pawniard,340,45,85,70,40,40,60,5,50,10.2,None
625,Bisharp,490,65,125,100,60,70,70,5,160,70,None
626,Bouffalant,490,95,110,95,40,95,55,5,160,94.6,None
627,Rufflet,350,70,83,50,37,50,60,5,50,10.5,None
628,Braviary,510,100,123,75,57,75,80,5,150,41,None
629,Vullaby,370,70,55,75,45,65,60,5,50,9,None
630,Mandibuzz,510,110,65,105,55,95,80,5,120,39.5,None
631,Heatmor,484,85,97,66,105,66,65,5,140,58,None
632,Durant,484,58,109,112,48,48,109,5,30,33,None
633,Deino,300,52,65,50,45,50,38,5,80,17.3,None
634,Zweilous,420,72,85,70,65,70,58,5,140,50,None
635,Hydreigon,600,92,105,90,125,90,98,5,180,160,Pseudo-Legendary
636,Larvesta,360,55,85,55,50,55,60,5,110,28.8,None
637,Volcarona,550,85,60,65,135,105,100,5,160,46,None
638,Cobalion,580,91,90,129,90,72,108,5,210,250,Legendary
639,Terrakion,580,91,129,90,72,90,108,5,190,260,Legendary
640,Virizion,580,91,90,72,90,129,108,5,200,200,Legendary
641,Tornadus,580,79,115,70,125,80,111,5,150,63,Legendary
642,Thundurus,580,79,115,70,125,80,111,5,150,61,Legendary
643,Reshiram,680,100,120,100,150,120,90,5,320,330,Legendary
644,Zekrom,680,100,150,120,120,100,90,5,290,345,Legendary
645,Landorus,600,89,125,90,115,80,101,5,150,68,Legendary
646,Kyurem,660,125,130,90,130,90,95,5,300,325,Legendary
647,Keldeo,580,91,72,90,129,90,108,5,140,48.5,Mythical
648,Meloetta,600,100,77,77,128,128,90,5,60,6.5,Mythical
649,Genesect,600,71,120,95,120,95,99,5,150,82.5,Mythical
650,Chespin,313,56,61,65,48,45,38,6,40,9,None
651,Quilladin,405,61,78,95,56,58,57,6,70,29,None
652,Chesnaught,530,88,107,122,74,75,64,6,160,90,None
653,Fennekin,307,40,45,40,62,60,60,6,40,9.4,None
654,Braixen,409,59,59,58,90,70,73,6,100,14.5,None
655,Delphox,534,75,69,72,114,100,104,6,150,39,None
656,Froakie,314,41,56,40,62,44,71,6,30,7,None
657,Frogadier,405,54,63,52,83,56,97,6,60,10.9,None
658,Greninja,530,72,95,67,103,71,122,6,150,40,None
659,Bunnelby,237,38,36,38,32,36,57,6,40,5,None
660,Diggersby,423,85,56,77,50,77,78,6,100,42.4,None
661,Fletchling,278,45,50,43,40,38,62,6,30,1.7,None
662,Fletchinder,382,62,73,55,56,52,84,6,70,16,None
663,Talonflame,499,78,81,71,74,69,126,6,120,24.5,None
664,Scatterbug,200,38,35,40,27,25,35,6,30,2.5,None
665,Spewpa,213,45,22,60,27,30,29,6,30,8.4,None
666,Vivillon,411,80,52,50,90,50,89,6,120,17,None
667,Litleo,369,62,50,58,73,54,72,6,60,13.5,None
668,Pyroar,507,86,68,72,109,66,106,6,150,81.5,None
669,Flabébé,303,44,38,39,61,79,42,6,10,0.1,None
670,Floette,371,54,45,47,75,98,52,6,20,0.9,None
671,Florges,552,78,65,68,112,154,75,6,110,10,None
672,Skiddo,350,66,65,48,62,57,52,6,90,31,None
673,Gogoat,531,123,100,62,97,81,68,6,170,91,None
674,Pancham,348,67,82,62,46,48,43,6,60,8,None
675,Pangoro,495,95,124,78,69,71,58,6,210,136,None
676,Furfrou,472,75,80,60,65,90,102,6,120,28,None
677,Espurr,355,62,48,54,63,60,68,6,30,3.5,None
678,Meowstic,466,74,48,76,83,81,104,6,60,8.5,None
679,Honedge,325,45,80,100,35,37,28,6,80,2,None
680,Doublade,448,59,110,150,45,49,35,6,80,4.5,None
681,Aegislash,500,60,50,140,50,140,60,6,170,53,None
682,Spritzee,341,78,52,60,63,65,23,6,20,0.5,None
683,Aromatisse,462,101,72,72,99,89,29,6,80,15.5,None
684,Swirlix,341,62,48,66,59,57,49,6,40,3.5,None
685,Slurpuff,480,82,80,86,85,75,72,6,80,5,None
686,Inkay,288,53,54,53,37,46,45,6,40,3.5,None
687,Malamar,482,86,92,88,68,75,73,6,150,47,None
688,Binacle,306,42,52,67,39,56,50,6,50,31,None
689,Barbaracle,500,72,105,115,54,86,68,6,130,96,None
690,Skrelp,320,50,60,60,60,60,30,6,50,7.3,None
691,Dragalge,494,65,75,90,97,123,44,6,180,81.5,None
692,Clauncher,330,50,53,62,58,63,44,6,50,8.3,None
693,Clawitzer,500,71,73,88,120,89,59,6,130,35.3,None
694,Helioptile,289,44,38,33,61,43,70,6,50,6,None
695,Heliolisk,481,62,55,52,109,94,109,6,100,21,None
696,Tyrunt,362,58,89,77,45,45,48,6,80,26,None
697,Tyrantrum,521,82,121,119,69,59,71,6,250,270,None
698,Amaura,362,77,59,50,67,63,46,6,130,25.2,None
699,Aurorus,521,123,77,72,99,92,58,6,270,225,None
700,Sylveon,525,95,65,65,110,130,60,6,100,23.5,None
701,Hawlucha,500,78,92,75,74,63,118,6,80,21.5,None
702,Dedenne,431,67,58,57,81,67,101,6,20,2.2,None
703,Carbink,500,50,50,150,50,150,50,6,30,5.7,None
704,Goomy,300,45,50,35,55,75,40,6,30,2.8,None
705,Sliggoo,452,68,75,53,83,113,60,6,80,17.5,None
706,Goodra,600,90,100,70,110,150,80,6,200,150.5,Pseudo-Legendary
707,Klefki,470,57,80,91,80,87,75,6,20,3,None
708,Phantump,309,43,70,48,50,60,38,6,40,7,None
709,Trevenant,474,85,110,76,65,82,56,6,150,71,None
710,Pumpkaboo,335,49,66,70,44,55,51,6,40,5,None
711,Gourgeist,494,65,90,122,58,75,84,6,90,12.5,None
712,Bergmite,304,55,69,85,32,35,28,6,100,99.5,None
713,Avalugg,514,95,117,184,44,46,28,6,200,505,None
714,Noibat,245,40,30,35,45,40,55,6,50,8,None
715,Noivern,535,85,70,80,97,80,123,6,150,85,None
716,Xerneas,680,126,131,95,131,98,99,6,300,215,Legendary
717,Yveltal,680,126,131,95,131,98,99,6,580,203,Legendary
719,Diancie,600,50,100,150,100,150,50,6,500,305,Mythical
720,Hoopa,600,80,110,60,150,130,70,6,70,8.8,Mythical
721,Volcanion,600,80,110,120,130,90,70,6,50,9,Mythical
718,Zygarde,708,216,100,121,91,95,85,7,170,195,Legendary
722,Rowlet,320,68,55,55,50,50,42,7,30,1.5,None
723,Dartrix,420,78,75,75,70,70,52,7,70,16,None
724,Decidueye,530,78,107,75,100,100,70,7,160,36.6,None
725,Litten,320,45,65,40,60,40,70,7,40,4.3,None
726,Torracat,420,65,85,50,80,50,90,7,70,25,None
727,Incineroar,530,95,115,90,80,90,60,7,180,83,None
728,Popplio,320,50,54,54,66,56,40,7,40,7.5,None
729,Brionne,420,60,69,69,91,81,50,7,60,17.5,None
730,Primarina,530,80,74,74,126,116,60,7,180,44,None
731,Pikipek,265,35,75,30,30,30,65,7,30,1.2,None
732,Trumbeak,355,55,85,50,40,50,75,7,60,14.8,None
733,Toucannon,485,80,120,75,75,75,60,7,110,26,None
734,Yungoos,253,48,70,30,30,30,45,7,40,6,None
735,Gumshoos,418,88,110,60,55,60,45,7,70,14.2,None
736,Grubbin,300,47,62,45,55,45,46,7,40,4.4,None
737,Charjabug,400,57,82,95,55,75,36,7,50,10.5,None
738,Vikavolt,500,77,70,90,145,75,43,7,150,45,None
739,Crabrawler,338,47,82,57,42,47,63,7,60,7,None
740,Crabominable,478,97,132,77,62,67,43,7,170,180,None
741,Oricorio,476,75,70,70,98,70,93,7,60,3.4,None
742,Cutiefly,304,40,45,40,55,40,84,7,10,0.2,None
743,Ribombee,464,60,55,60,95,70,124,7,20,0.5,None
744,Rockruff,280,45,65,40,30,40,60,7,50,9.2,None
745,Lycanroc,487,75,115,65,55,65,112,7,80,25,None
746,Wishiwashi,175,45,20,20,25,25,40,7,20,0.3,None
747,Mareanie,305,50,53,62,43,52,45,7,40,8,None
748,Toxapex,495,50,63,152,53,142,35,7,70,14.5,None
749,Mudbray,385,70,100,70,45,55,45,7,100,110,None
750,Mudsdale,500,100,125,100,55,85,35,7,250,920,None
751,Dewpider,269,38,40,52,40,72,27,7,30,4,None
752,Araquanid,454,68,70,92,50,132,42,7,180,82,None
753,Fomantis,250,40,55,35,50,35,35,7,30,1.5,None
754,Lurantis,480,70,105,90,80,90,45,7,90,18.5,None
755,Morelull,285,40,35,55,65,75,15,7,20,1.5,None
756,Shiinotic,405,60,45,80,90,100,30,7,100,11.5,None
757,Salandit,320,48,44,40,71,40,77,7,60,4.8,None
758,Salazzle,480,68,64,60,111,60,117,7,120,22.2,None
759,Stufful,340,70,75,50,45,50,50,7,50,6.8,None
760,Bewear,500,120,125,80,55,60,60,7,210,135,None
761,Bounsweet,210,42,30,38,30,38,32,7,30,3.2,None
762,Steenee,290,52,40,48,40,48,62,7,70,8.2,None
763,Tsareena,510,72,120,98,50,98,72,7,120,21.4,None
764,Comfey,485,51,52,90,82,110,100,7,10,0.3,None
765,Oranguru,490,90,60,80,90,110,60,7,150,76,None
766,Passimian,490,100,120,90,40,60,80,7,200,82.8,None
767,Wimpod,230,25,35,40,20,30,80,7,50,12,None
768,Golisopod,530,75,125,140,60,90,40,7,200,108,None
769,Sandygast,320,55,55,80,70,45,15,7,50,70,None
770,Palossand,480,85,75,110,100,75,35,7,130,250,None
771,Pyukumuku,410,55,60,130,30,130,5,7,30,1.2,None
772,Type: Null,534,95,95,95,95,95,59,7,190,120.5,Legendary
773,Silvally,570,95,95,95,95,95,95,7,230,100.5,Legendary
774,Minior,440,60,60,100,60,100,60,7,30,40,None
775,Komala,480,65,115,65,75,95,65,7,40,19.9,None
776,Turtonator,485,60,78,135,91,85,36,7,200,212,None
777,Togedemaru,435,65,98,63,40,73,96,7,30,3.3,None
778,Mimikyu,476,55,90,80,50,105,96,7,20,0.7,None
779,Bruxish,475,68,105,70,70,70,92,7,90,19,None
780,Drampa,485,78,60,85,135,91,36,7,300,185,None
781,Dhelmise,517,70,131,100,86,90,40,7,390,210,None
782,Jangmo-o,300,45,55,65,45,45,45,7,60,29.7,None
783,Hakamo-o,420,55,75,90,65,70,65,7,120,47,None
784,Kommo-o,600,75,110,125,100,105,85,7,160,78.2,Pseudo-Legendary
785,Tapu Koko,570,70,115,85,95,75,130,7,180,20.5,Legendary
786,Tapu Lele,570,70,85,75,130,115,95,7,120,18.6,Legendary
787,Tapu Bulu,570,70,130,115,85,95,75,7,190,45.5,Legendary
788,Tapu Fini,570,70,75,115,95,130,85,7,130,21.2,Legendary
789,Cosmog,200,43,29,31,29,31,37,7,20,0.1,Legendary
790,Cosmoem,400,43,29,131,29,131,37,7,10,999.9,Legendary
791,Solgaleo,680,137,137,107,113,89,97,7,340,230,Legendary
792,Lunala,680,137,113,89,137,107,97,7,400,120,Legendary
793,Nihilego,570,109,53,47,127,131,103,7,120,55.5,Ultra-Beast
794,Buzzwole,570,107,139,139,53,53,79,7,240,333.6,Ultra-Beast
795,Pheromosa,570,71,137,37,137,37,151,7,180,25,Ultra-Beast
796,Xurkitree,570,83,89,71,173,71,83,7,380,100,Ultra-Beast
797,Celesteela,570,97,101,103,107,101,61,7,920,999.9,Ultra-Beast
798,Kartana,570,59,181,131,59,31,109,7,30,0.1,Ultra-Beast
799,Guzzlord,570,223,101,53,97,53,43,7,550,888,Ultra-Beast
800,Necrozma,600,97,107,101,127,89,79,7,240,230,Legendary
801,Magearna,600,80,95,115,130,115,65,7,100,80.5,Mythical
802,Marshadow,600,90,125,80,90,90,125,7,70,22.2,Mythical
803,Poipole,420,67,73,67,73,67,73,7,60,1.8,Ultra-Beast
804,Naganadel,540,73,73,73,127,73,121,7,360,150,Ultra-Beast
805,Stakataka,570,61,131,211,53,101,13,7,550,820,Ultra-Beast
806,Blacephalon,570,53,127,53,151,79,107,7,180,13,Ultra-Beast
807,Zeraora,600,88,112,75,102,80,143,7,150,44.5,Mythical
808,Meltan,300,46,65,65,55,35,34,7,20,8,Mythical
809,Melmetal,600,135,143,143,80,65,34,7,250,800,Mythical
810,Grookey,310,50,65,50,40,40,65,8,30,5,None
811,Thwackey,420,70,85,70,55,60,80,8,70,14,None
812,Rillaboom,530,100,125,90,60,70,85,8,210,90,None
813,Scorbunny,310,50,71,40,40,40,69,8,30,4.5,None
814,Raboot,420,65,86,60,55,60,94,8,60,9,None
815,Cinderace,530,80,116,75,65,75,119,8,140,33,None
816,Sobble,310,50,40,40,70,40,70,8,30,4,None
817,Drizzile,420,65,60,55,95,55,90,8,70,11.5,None
818,Inteleon,530,70,85,65,125,65,120,8,190,45.2,None
819,Skwovet,275,70,55,55,35,35,25,8,30,2.5,None
820,Greedent,460,120,95,95,55,75,20,8,60,6,None
821,Rookidee,245,38,47,35,33,35,57,8,20,1.8,None
822,Corvisquire,365,68,67,55,43,55,77,8,80,16,None
823,Corviknight,495,98,87,105,53,85,67,8,220,75,None
824,Blipbug,180,25,20,20,25,45,45,8,40,8,None
825,Dottler,335,50,35,80,50,90,30,8,40,19.5,None
826,Orbeetle,505,60,45,110,80,120,90,8,40,40.8,None
827,Nickit,245,40,28,28,47,52,50,8,60,8.9,None
828,Thievul,455,70,58,58,87,92,90,8,120,19.9,None
829,Gossifleur,250,40,40,60,40,60,10,8,40,2.2,None
830,Eldegoss,460,60,50,90,80,120,60,8,50,2.5,None
831,Wooloo,270,42,40,55,40,45,48,8,60,6,None
832,Dubwool,490,72,80,100,60,90,88,8,130,43,None
833,Chewtle,284,50,64,50,38,38,44,8,30,8.5,None
834,Drednaw,485,90,115,90,48,68,74,8,100,115.5,None
835,Yamper,270,59,45,50,40,50,26,8,30,13.5,None
836,Boltund,490,69,90,60,90,60,121,8,100,34,None
837,Rolycoly,240,30,40,50,40,50,30,8,30,12,None
838,Carkol,410,80,60,90,60,70,50,8,110,78,None
839,Coalossal,510,110,80,120,80,90,30,8,280,310.5,None
840,Applin,260,40,40,80,40,40,20,8,20,0.5,None
841,Flapple,485,70,110,80,95,60,70,8,30,1,None
842,Appletun,485,110,85,80,100,80,30,8,40,13,None
843,Silicobra,315,52,57,75,35,50,46,8,220,7.6,None
844,Sandaconda,510,72,107,125,65,70,71,8,380,65.5,None
845,Cramorant,475,70,85,55,85,95,85,8,80,18,None
846,Arrokuda,280,41,63,40,40,30,66,8,50,1,None
847,Barraskewda,490,61,123,60,60,50,136,8,130,30,None
848,Toxel,242,40,38,35,54,35,40,8,40,11,None
849,Toxtricity,502,75,98,70,114,70,75,8,160,40,None
850,Sizzlipede,305,50,65,45,50,50,45,8,70,1,None
851,Centiskorch,525,100,115,65,90,90,65,8,300,120,None
852,Clobbopus,310,50,68,60,50,50,32,8,60,4,None
853,Grapploct,480,80,118,90,70,80,42,8,160,39,None
854,Sinistea,308,40,45,45,74,54,50,8,10,0.2,None
855,Polteageist,508,60,65,65,134,114,70,8,20,0.4,None
856,Hatenna,265,42,30,45,56,53,39,8,40,3.4,None
857,Hattrem,370,57,40,65,86,73,49,8,60,4.8,None
858,Hatterene,510,57,90,95,136,103,29,8,210,5.1,None
859,Impidimp,265,45,45,30,55,40,50,8,40,5.5,None
860,Morgrem,370,65,60,45,75,55,70,8,80,12.5,None
861,Grimmsnarl,510,95,120,65,95,75,60,8,150,61,None
862,Obstagoon,520,93,90,101,60,81,95,8,160,46,None
863,Perrserker,440,70,110,100,50,60,50,8,80,28,None
864,Cursola,510,60,95,50,145,130,30,8,100,0.4,None
865,Sirfetch'd,507,62,135,95,68,82,65,8,80,117,None
866,Mr. Rime,520,80,85,75,110,100,70,8,150,58.2,None
867,Runerigus,483,58,95,145,50,105,30,8,160,66.6,None
868,Milcery,270,45,40,40,50,61,34,8,20,0.3,None
869,Alcremie,495,65,60,75,110,121,64,8,30,0.5,None
870,Falinks,470,65,100,100,70,60,75,8,300,62,None
871,Pincurchin,435,48,101,95,91,85,15,8,30,1,None
872,Snom,185,30,25,35,45,30,20,8,30,3.8,None
873,Frosmoth,475,70,65,60,125,90,65,8,130,42,None
874,Stonjourner,470,100,125,135,20,20,70,8,250,520,None
875,Eiscue,470,75,80,110,65,90,50,8,140,89,None
876,Indeedee,475,60,65,55,105,95,95,8,90,28,None
877,Morpeko,436,58,95,58,70,58,97,8,30,3,None
878,Cufant,330,72,80,49,40,49,40,8,120,100,None
879,Copperajah,500,122,130,69,80,69,30,8,300,650,None
880,Dracozolt,505,90,100,90,80,70,75,8,180,190,None
881,Arctozolt,505,90,100,90,90,80,55,8,230,150,None
882,Dracovish,505,90,90,100,70,80,75,8,230,215,None
883,Arctovish,505,90,90,100,80,90,55,8,200,175,None
884,Duraludon,535,70,95,115,120,50,85,8,180,40,None
885,Dreepy,270,28,60,30,40,30,82,8,50,2,None
886,Drakloak,410,68,80,50,60,50,102,8,140,11,None
887,Dragapult,600,88,120,75,100,75,142,8,300,50,Pseudo-Legendary
888,Zacian,660,92,120,115,80,115,138,8,280,110,Legendary
889,Zamazenta,660,92,120,115,80,115,138,8,290,210,Legendary
890,Eternatus,690,140,85,95,145,95,130,8,2000,950,Legendary
891,Kubfu,385,60,90,60,53,50,72,8,60,12,Legendary
892,Urshifu,550,100,130,100,63,60,97,8,190,105,Legendary
893,Zarude,600,105,120,105,70,95,105,8,180,70,Mythical
894,Regieleki,580,80,100,50,100,50,200,8,120,145,Legendary
895,Regidrago,580,200,100,50,100,50,80,8,210,200,Legendary
896,Glastrier,580,100,145,130,65,110,30,8,220,800,Legendary
897,Spectrier,580,100,65,60,145,80,130,8,200,44.5,Legendary
898,Calyrex,500,100,80,80,80,80,80,8,110,7.7,Legendary
899,Wyrdeer,525,103,105,72,105,75,65,8,180,95.1,None
900,Kleavor,500,70,135,95,45,70,85,8,180,89,None
901,Ursaluna,550,130,140,105,45,80,50,8,240,290,None
902,Basculegion,530,120,112,65,80,75,78,8,300,110,None
903,Sneasler,510,80,130,60,40,80,120,8,130,43,None
904,Overqwil,510,85,115,95,65,65,85,8,250,60.5,None
905,Enamorus,580,74,115,70,135,80,106,8,160,48,Legendary
906,Sprigatito,310,40,61,54,45,45,65,9,40,4.1,None
907,Floragato,410,61,80,63,60,63,83,9,90,12.2,None
908,Meowscarada,530,76,110,70,81,70,123,9,150,31.2,None
909,Fuecoco,310,67,45,59,63,40,36,9,40,9.8,None
910,Crocalor,411,81,55,78,90,58,49,9,100,30.7,None
911,Skeledirge,530,104,75,100,110,75,66,9,160,326.5,None
912,Quaxly,310,55,65,45,50,45,50,9,50,6.1,None
913,Quaxwell,410,70,85,65,65,60,65,9,120,21.5,None
914,Quaquaval,530,85,120,80,85,75,85,9,180,61.9,None
915,Lechonk,254,54,45,40,35,45,35,9,50,10.2,None
916,Oinkologne,489,110,100,75,59,80,65,9,100,120,None
917,Tarountula,210,35,41,45,29,40,20,9,30,4,None
918,Spidops,404,60,79,92,52,86,35,9,100,16.5,None
919,Nymble,210,33,46,40,21,25,45,9,20,1,None
920,Lokix,450,71,102,78,52,55,92,9,100,17.5,None
921,Pawmi,240,45,50,20,40,25,60,9,30,2.5,None
922,Pawmo,350,60,75,40,50,40,85,9,40,6.5,None
923,Pawmot,490,70,115,70,70,60,105,9,90,41,None
924,Tandemaus,305,50,50,45,40,45,75,9,30,1.8,None
925,Maushold,470,74,75,70,65,75,111,9,30,2.8,None
926,Fidough,312,37,55,70,30,55,65,9,30,10.9,None
927,Dachsbun,477,57,80,115,50,80,95,9,50,14.9,None
928,Smoliv,260,41,35,45,58,51,30,9,30,6.5,None
929,Dolliv,354,52,53,60,78,78,33,9,60,11.9,None
930,Arboliva,510,78,69,90,125,109,39,9,140,48.2,None
931,Squawkabilly,417,82,96,51,45,51,92,9,60,2.4,None
932,Nacli,280,55,55,75,35,35,25,9,40,16,None
933,Naclstack,355,60,60,100,35,65,35,9,60,105,None
934,Garganacl,500,100,100,130,45,90,35,9,230,240,None
935,Charcadet,255,40,50,40,50,40,35,9,60,10.5,None
936,Armarouge,525,85,60,100,125,80,75,9,150,85,None
937,Ceruledge,525,75,125,80,60,100,85,9,160,62,None
938,Tadbulb,272,61,31,41,59,35,45,9,30,0.4,None
939,Bellibolt,495,109,64,91,103,83,45,9,120,113,None
940,Wattrel,280,40,40,35,55,40,70,9,40,3.6,None
941,Kilowattrel,490,70,70,60,105,60,125,9,140,38.6,None
942,Maschiff,340,60,78,60,40,51,51,9,50,16,None
943,Mabosstiff,505,80,120,90,60,70,85,9,110,61,None
944,Shroodle,290,40,65,35,40,35,75,9,20,0.7,None
945,Grafaiai,485,63,95,65,80,72,110,9,70,27.2,None
946,Bramblin,275,40,65,30,45,35,60,9,60,0.6,None
947,Brambleghast,480,55,115,70,80,70,90,9,120,6,None
948,Toedscool,335,40,40,35,50,100,70,9,90,33,None
949,Toedscruel,515,80,70,65,80,120,100,9,190,58,None
950,Klawf,450,70,100,115,35,55,75,9,130,79,None
951,Capsakid,304,50,62,40,62,40,50,9,30,3,None
952,Scovillain,486,65,108,65,108,65,75,9,90,15,None
953,Rellor,270,41,50,60,31,58,30,9,20,1,None
954,Rabsca,470,75,50,85,115,100,45,9,30,3.5,None
955,Flittle,255,30,35,30,55,30,75,9,20,1.5,None
956,Espathra,481,95,60,60,101,60,105,9,190,90,None
957,Tinkatink,297,50,45,45,35,64,58,9,40,8.9,None
958,Tinkatuff,380,65,55,55,45,82,78,9,70,59.1,None
959,Tinkaton,506,85,75,77,70,105,94,9,70,112.8,None
960,Wiglett,245,10,55,25,35,25,95,9,120,1.8,None
961,Wugtrio,425,35,100,50,50,70,120,9,120,5.4,None
962,Bombirdier,485,70,103,85,60,85,82,9,150,42.9,None
963,Finizen,315,70,45,40,45,40,75,9,130,60.2,None
964,Palafin,457,100,70,72,53,62,100,9,130,60.2,None
965,Varoom,300,45,70,63,30,45,47,9,100,35,None
966,Revavroom,500,80,119,90,54,67,90,9,180,120,None
967,Cyclizar,501,70,95,65,85,65,121,9,160,63,None
968,Orthworm,480,70,85,145,60,55,65,9,250,310,None
969,Glimmet,350,48,35,42,105,60,60,9,70,8,None
970,Glimmora,525,83,55,90,130,81,86,9,150,45,None
971,Greavard,290,50,61,60,30,55,34,9,60,35,None
972,Houndstone,488,72,101,100,50,97,68,9,200,15,None
973,Flamigo,500,82,115,74,75,64,90,9,160,37,None
974,Cetoddle,334,108,68,45,30,40,43,9,120,45,None
975,Cetitan,521,170,113,65,45,55,73,9,450,700,None
976,Veluza,478,90,102,73,78,65,70,9,250,90,None
977,Dondozo,530,150,100,115,65,65,35,9,1200,220,None
978,Tatsugiri,475,68,50,60,120,95,82,9,30,8,None
979,Annihilape,535,110,115,80,50,90,90,9,120,56,None
980,Clodsire,430,130,75,60,45,100,20,9,180,223,None
981,Farigiraf,520,120,90,70,110,70,60,9,320,160,None
982,Dudunsparce,520,125,100,80,85,75,55,9,360,39.2,None
983,Kingambit,550,100,135,120,60,85,50,9,200,120,None
984,Great Tusk,570,115,131,131,53,53,87,9,220,320,Paradox
985,Scream Tail,570,115,65,99,65,115,111,9,120,8,Paradox
986,Brute Bonnet,570,111,127,99,79,99,55,9,120,21,Paradox
987,Flutter Mane,570,55,55,55,135,135,135,9,140,4,Paradox
988,Slither Wing,570,85,135,79,85,105,81,9,320,92,Paradox
989,Sandy Shocks,570,85,81,97,121,85,101,9,230,60,Paradox
990,Iron Treads,570,90,112,120,72,70,106,9,90,240,Paradox
991,Iron Bundle,570,56,80,114,124,60,136,9,60,11,Paradox
992,Iron Hands,570,154,140,108,50,68,50,9,180,380.7,Paradox
993,Iron Jugulis,570,94,80,86,122,80,108,9,130,111,Paradox
994,Iron Moth,570,80,70,60,140,110,110,9,120,36,Paradox
995,Iron Thorns,570,100,134,110,70,84,72,9,160,303,Paradox
996,Frigibax,320,65,75,45,35,45,55,9,50,17,None
997,Arctibax,423,90,95,66,45,65,62,9,80,30,None
998,Baxcalibur,600,115,145,92,75,86,87,9,210,210,Pseudo-Legendary
999,Gimmighoul,300,45,30,70,75,70,10,9,30,5,None
1000,Gholdengo,550,87,60,95,133,91,84,9,120,30,None
1001,Wo-Chien,570,85,85,100,95,135,70,9,150,74.2,Legendary
1002,Chien-Pao,570,80,120,80,90,65,135,9,190,152.2,Legendary
1003,Ting-Lu,570,155,110,125,55,80,45,9,270,699.7,Legendary
1004,Chi-Yu,570,55,80,80,135,120,100,9,40,4.9,Legendary
1005,Roaring Moon,590,105,139,71,55,101,119,9,200,380,Paradox
1006,Iron Valiant,590,74,130,90,120,60,116,9,140,35,Paradox
1007,Koraidon,670,100,135,115,85,100,135,9,250,303,Legendary
1008,Miraidon,670,100,85,100,135,115,135,9,350,240,Legendary
1009,Walking Wake,590,99,83,91,125,83,109,9,350,280,Paradox
1010,Iron Leaves,590,90,130,88,70,108,104,9,150,125,Paradox
1011,Dipplin,485,80,80,110,95,80,40,9,40,4.4,None
1012,Poltchageist,308,40,45,45,74,54,50,9,10,1.1,None
1013,Sinistcha,508,71,60,106,121,80,70,9,20,2.2,None
1014,Okidogi,555,88,128,115,58,86,80,9,180,92,Legendary
1015,Munkidori,555,88,75,66,130,90,106,9,100,12.2,Legendary
1016,Fezandipiti,555,88,91,82,70,125,99,9,140,30.1,Legendary
1017,Ogerpon,550,80,120,84,60,96,110,9,120,39.8,Legendary
1018,Archaludon,600,90,105,130,125,65,85,9,200,60,None
1019,Hydrapple,540,106,80,110,120,80,44,9,180,93,None
1020,Gouging Fire,590,105,115,121,65,93,91,9,350,590,Paradox
1021,Raging Bolt,590,125,73,91,137,89,75,9,520,480,Paradox
1022,Iron Boulder,590,90,120,80,68,108,124,9,150,162.5,Paradox
1023,Iron Crown,590,90,72,100,122,108,98,9,160,156,Paradox
1024,Terapagos,450,90,65,85,65,85,60,9,20,6.5,Legendary
1025,Pecharunt,600,88,88,160,88,88,88,9,30,0.3,Mythical
